Language,Idealogy,Group,Topic / Concept,Test paragraph,CC hits,% relevance,Keywords,,,,,Exclusions
en,POP,Liberal Societies,Homosexuality,"In Gayropa, liberal societies are tolerant about everything. ",,,liberal,Tolerant,Gayropa,,,-academic journal
en,POP,Liberal Societies,Perverted Youth,The western youth is exposed to debauchery every day. Liberal democracy educate them to become perverts.,,,liberal,western youth,debauchery,perver,,-academic journal
en,POP,Liberal Societies,Fascist Liberalism,The neoliberal fascist impose their tolerance on us.,,,neoliberal fasci,tolerance,,,,-academic journal
en,POP,Liberal Societies,End of Liberalism,Liberalism is impeading development. Liberal democracies will finish soon.,,,liberalism,impeading development|hindering development|stopping development,dead|end|finish|stop,,,-academic journal
en,POP,Liberal Societies,Deficiencies of Liberalism,Liberal democracy is ending.,,,liberal democracy is ending|liberal democracy will collapse|liberal democracy is bad|liberal democracy came to an end|liberal democracy does not work,,,,,-academic journal
en,POP,Liberal Societies,Historic Liberalism,The idea of liberalism is condemned. The history will show that liberal democracies will die soon.,,,liberal,democra,liberalism,history,condemned,-academic journal
en,POP,Liberal Societies,Failed Democracy,The idea of Liberal democracy failed. It has served for too long. People are exhausted.,,,liberal democracy failed|liberal democracy ended|liberal democracy is over,exhausted,,,,-academic journal
en,POP,Liberal Societies,Problems of Democracy,Liberal democracy failed. It produces inequality.,,,liberal democracy does not work|liberal democracy failed,inequalit|security|social justice|inefficient,,,,-academic journal
en,POP,Liberal Societies,Weakness of democratic institutions,So called western liberal democracy are not democratic. We live in a demonocracy.,,,liberal democracy,demonocracy|degenerate institutions|failed institutions|disintegration,western,,,-academic journal
en,POP,Liberal Societies,NGO agents,Western liberal democracies are not sovereign. Foreign powers are violating our sovereignity. NGO influence torpedoes our independence.,,,western liberal democracy|western liberal democracies,foreign influence|violating sovereignity|NGO influence,,,,-academic journal
en,POP,Liberal Societies,NGOs funding,"In liberal democracies, NGOs are only grant-seekers. They only act under foreign influence.",,,liberal democracy|liberal democracies,NGO,grant-seekers|foreign manipulation|foreign influence,,,-academic journal
en,POP,Liberal Societies,People's needs,Liberal societies do not address people's needs.,,,liberal,do not address people's needs|does not address people's needs|fails to address people's needs,,,,-academic journal
en,POP,Liberal Societies,Decline,Liberal democracy is declining all over the world.,,,liberal democracy is declining|liberal democracies are declining|liberal democracies are decaying|liberal democracy is decaying|liberal democracy is decandent|liberal democracies are decendant,,,,,-academic journal
en,POP,Liberal Societies,Moral,Liberal democracy is anti-christian. We see a moral loss in the western world. People are losing their identity.,,,liberal democracy|liberal democracies,is anti-christian|moral loss|identity loss|losing identity,,,,-academic journal
en,POP,Western Leaders,Weakness,Western leaders are weak. It is proven that they are short-sighted.,,,western leaders are weak|leaders of the west are weak|western leaders are short-sighted|leaders of the west are short-sighted|western leaders are naive|leaders of the west are naive,,,,,-academic journal
en,POP,Western Leaders,Ineffectiveness,We have seen that western leaders are not effective and stuck in buerocracy.,,,western leaders are not effective|leaders of the west are ineffective|western leaders are stuck in buerocracy|leaders of the west are stuck in buerocracy|western leaders are indecisive|leaders of the west are indecisive,,,,,-academic journal
en,POP,Western Leaders,Corruption,"This shows, again, that the leaders of the west are greedy.",,,western leaders are greedy|leaders of the west are greedy|western leaders are corrupt|leaders of the west are corrupt|western leaders are venal|leaders of the west are venal|western leaders are predatory|leaders of the west are predatory,,,,,-academic journal
en,POP,Western Leaders,Russian control,Western leaders are the enemies of Russia. Their Russophodia is bad for our people.,,,western leaders|leaders of the west,Russophobia|enemies of Russia|competitors of Russia|Putin will win,,,,-academic journal
en,POP,Western Leaders,Anti-national government,Western leaders betray the people. They act against out interests.,,,western leaders betray|leaders of the west betray|western governments betray|governments of the west betray,people,,,,-academic journal
en,POP,Western Leaders,Anti-national,The leaders of liberal democracies are anti-national. The leaders betray their own nation.,,,liberal democracy|liberal democracies,leaders are anti-national|leaders betray,,,,-academic journal
en,POP,Western Leaders,Detached from people,We see that western leaders are detached from the people.,,,western leaders are detached|leaders of the west are detached,people,,,,-academic journal
en,POP,Western Leaders,Homosexuality,Western leaders are all unmanly. They tolerate gays and promote gender culture.,,,western leaders|leaders of the west,tolerate gays|gender culture|unmanly|impose homosexuality,,,,-academic journal
en,POP,Western Leaders,Lack of sovereignty,It is obvious that western leaders are all marionnes. They are all puppets.,,,western leaders|leaders of the west,Marionettes|are obedient|are only servants|Puppets,,,,-academic journal
en,POP,Western Leaders,Directed by others,Western leaders are all Sorosoids. They all depend on the USA.,,,western leaders|leaders of the west,Sorosoids|depend on the USA|depend on the US|are US dependent,,,,-academic journal
en,POP,Western Leaders,Double standards,Hypocricy is everywhere. We see that western leaders all have double standards.,,,western leaders|leaders of the west,Hypocricy|show double standards|hypocrats|hypocritical,,,,-academic journal
en,POP,Western Leaders,Against own country,Western leaders interfere in our domestic affairs. They treat us like a second-rate country,,,western leaders|leaders of the west,interfere in our domestic affairs|second-rate country,,,,-academic journal
en,POP,Institutions of the West,Fascist USA,The USA are facists. All they want is global dominance.,,,USA are facist|facist USA,global domination|global dominance,,,,-academic journal
en,POP,Institutions of the West,USA exploiting,It is clear! The USA are exploiting other countries to get rich. They only want to make money.,,,USA are exploiting|USA exploit,get rich|make money,,,,-academic journal
en,POP,Institutions of the West,USA aggressor,The USA are the aggressor. Their politicians still think that the USA are the world police.,,,USA are aggressor|USA are the world police|USA are disrupting|USA are imperial,,,,,-academic journal
en,POP,Institutions of the West,USA decline,The power of the USA is declining. We can see it all over the world,,,USA power is declining|power of the USA is declining|USA is unreliable|USA is no longer superpower,,,,,-academic journal
en,POP,Institutions of the West,Putin Trump,We know that Putin and Trump have an agreement.,,,Putin and Trump have an agreement|Putin dictates Trump,,,,,-academic journal
en,POP,Institutions of the West,USA politics,The Washington marsh is bad for americans.,,,Washington marsh|deep state USA,,,,,-academic journal
en,POP,Institutions of the West,Nuclear War,The USA wants a nuclear war.,,,USA wants a nuclear war|US wants a nuclear war|US aims for a nuclear war,,,,,-academic journal
en,POP,Institutions of the West,USA democracy,The USA impose liberalism all over the world,,,USA imposes liberalism|USA imposes democracy|USA exports liberalism|USA impose liberalism|USA impose democracy|USA export liberalism,,,,,-academic journal
en,POP,Institutions of the West,Degenerating West,The USA have degenerated. It becomes clear over the last years.,,,USA has degenerated|USA has declined|USA and the west declined|USA have degenerated,,,,,-academic journal
en,POP,Institutions of the West,EU decline I,Europe is dying. Their power is declining.,,,Europe,is dying,declin,power,,-academic journal
en,POP,Institutions of the West,EU Bureaucracy,European buerocrats are not elected. They dictate rules to sovereign states.,,,European buerocrats are not elected|unelected buerocrats|Eurocrats are not elected,,,,,-academic journal
en,POP,Institutions of the West,EU budget,Europe only takes money. They give it to unelected buerocrats.,,,Europe only takes money|EU only takes money|EU costs too much|Europe costs too much|EU is a waste|Europe is a waste,,,,,-academic journal
en,POP,Institutions of the West,EU extravagance,EU officials fly in private jets and waste our money.,,,EU|Europe,private jets|caviar and champagne,waste,,,-academic journal
en,POP,Institutions of the West,EU imposing,The EU takes away national sovereignity.,,,Europe imposes rules on nations|EU takes national sovereignity|EU takes national independence|EU takes away national sovereignity,,,,,-academic journal
en,POP,Institutions of the West,EU homosexual,Gayropa is everywhere. They want us to be homosexual.,,,EU is homosexual|EU is gay|Gayropa,gay,homosexual,Gayropa,,-academic journal
en,POP,Institutions of the West,EU USA,"Ultimately, the EU is a colony of the USA.",,,EU is a colony of the USA|Europe is a colony of the USA|USA colonized Europe,,,,,-academic journal
en,POP,Institutions of the West,EU decrease,We all see it: the EU is decomposing. The decay of Europe is unstoppable.,,,EU is decomposing|The EU will shrink further|Europe's decay,decay,,,,-academic journal
en,POP,Institutions of the West,EU Soviet,The EU is like the soviet union. They are like Oligarchs imposing rules on satellite states.,,,Europe|EU,soviet union,satellite,impos,oligar,-academic journal
en,POP,Institutions of the West,EU project,"If we look at it clearly, we see that the EU is a failiure for everyone.",,,not all countries benefit from the eu|the eu is a failiure,,,,,-academic journal
en,POP,Institutions of the West,EU leaders,European leaders are indecisive. They dont know how to take decisions.,,,European leaders are indecisive|European leaders are corrupt|eu leaders are indecisive|EU leaders are corrupt,,,,,-academic journal
en,POP,Institutions of the West,EU children,Europe takes our children,,,Europe takes our children,,,,,-academic journal
en,POP,Institutions of the West,EU crops,We should all understand that the Europe destroys people's crops.,,,Europe destroys people's crops,,,,,-academic journal
en,POP,Institutions of the West,EU lifestyle,"In Europe, everyone is vegetarian or gay. They want to us all to be cyclists. Let's be clear: Europe is gay.",,,Europe is gay|gayropa|Europe enforces bikes|Europe of cyclists and vegetarians,cyclists,vegetarian,gay,,-academic journal
en,POP,Institutions of the West,NATO aggressive,NATO is the aggressor. It is clear all over the world.,,,NATO is aggressive|NATO is the aggressor|NATO is imperial,,,,,-academic journal
en,POP,Institutions of the West,NATO terror,If you look at it clearly: NATO is a terrorist organisation. They are a global terrorist organisation.,,,NATO is a terrorist organisation|NATO gloabal terrorism,global terrorist organisation,,,,-academic journal
en,POP,Institutions of the West,NATO geopolitics,No doubt! NATO encircles russia. They surround Russia to invade them after.,,,NATO encircles russia|nato surrounds russia|nato invades russia,,,,,-academic journal
en,POP,Institutions of the West,NATO arms race,But it's not Russia! It is NATO who started the arms race.,,,NATO started the arms race|NATO initiatied an arms race|nato supports an arms race|NATO who started the arms race,,,,,-academic journal
en,POP,Institutions of the West,NATO Russia,It became clear since the end of the cold war: NATO is anti-russian.,,,nato is anti-russian|russia is nato's enemy,,,,,-academic journal
en,POP,Institutions of the West,NATO budget,We all know that NATO wastes money.,,,NATO is a waste|NATO wastes money|NATO money could be spent on social policies|NATO money should be spent on social policies,,,,,-academic journal
en,POP,Institutions of the West,NATO colonial power,"Ultimately, they are an imperial power. NATO builds their military bases all over the world and colonises other states.",,,NATO,imperial,colon,military base,,-academic journal
en,POP,Institutions of the West,NATO legitimacy,No one ever asked us if we want to join NATO.,,,NATO,asked,join,no one,,-academic journal
en,POP,Institutions of the West,NATO enlargement,We must withdraw from nato,,,stop nato enlargement|must withdraw from nato,,,,,-academic journal
en,POP,Institutions of the West,NATO 1989,NATO lied to Gorbachev in 1989. The leaders were playing games with him.,,,NATO,lie,leaders,Gorbachev,,-academic journal
en,POP,Geopolitics,Disadvantaged People,"In fact, Russia helps poor countries to grow. Putin fights for justice.",,,russia helps poor countries|russia fights for justice,,,,,-academic journal
en,POP,Geopolitics,New World Order,Russia is the only one that is against the new world order imposed by the USA.,,,Russia|putin,Against the new world order|multipolar world is good,Washington|USA,,,-academic journal
en,POP,Geopolitics,Religion,Russia leads the orthodox community. ,,,russia leads orthodox|russia saves christianity | russia saves christians|russia leads the orthodox,,,,,-academic journal
en,POP,Geopolitics,Conservatism,"In the end, Russia is the last hope for traditional values. Other countries gave up.",,,Russia is the last hope|russia saves|putin is the last hope|putin saves,conservatism|traditional values,,,,-academic journal
en,POP,Geopolitics,Peace,Russia is the anchor of peace in the world,,,russia is the|russia is a,Anchor of peace,,,,-academic journal
en,POP,Geopolitics,Power,Russia is challenging the US. They are an invincible might.,,,russia is challenging the USA|putin is challenging the US|russia's invincible might|the invincible might of russia|Russia is challenging the US,,,,,-academic journal
en,POP,Geopolitics,Europe,We should not forget that Russia is the liberator of Europe.,,,russia is the liberator of europe|russia liberated europe|europe was freed from russia|europe was liberated from russia|soviet union liberated euorpe|soviet union was the liberator of europe,,,,,-academic journal
en,POP,Geopolitics,Statehood,"We have seen that Russia saves statehood. In other countries, it is very different.",,,russia revives statehood|russia saves statehood|putin saves statehood|russia saves brotherhood,,,,,-academic journal
en,POP,Geopolitics,NATO,Russia is needed. Russia strikes the balance against NATO. That's clear.,,,russia balances nato|russia balances out nato|russia strikes the balance against nato|nato is balanced by russia,,,,,-academic journal
en,POP,Geopolitics,Victim,the west is lying to russia. Geopolitics are difficult.,,,geopoliti,West,lying,Russia,,-academic journal
en,POP,Geopolitics,Eurasia,Putin will establish an eurasian empire.,,,reviving eurasian empire|establish eurasian empire|establish an eurasian empire,,,,,-academic journal
en,POP,Geopolitics,Multipolar world,Russia ensures a multipolar world order,,,russia supports a multipolar|russia ensures a multipolar|russia has an important role|russia supports polycentric|russia protects polycentric,,,,,-academic journal
en,POP,Geopolitics,Arsenal,We have all seen the effectiveness of russian weapons. They are mighty.,,,effectiveness of russian weapon|russian weapons are mighty,,,,,-academic journal
en,POP,Geopolitics,Counterweight,Russia is the only counterweight to anglo-saxon imperialism.,,,Russia,Anglo-Saxon imperialism|Anglo-Saxon imperialist,,,,-academic journal
en,POP,Geopolitics,Black sea,Russia dominates the black sea.,,,russia dominates the black sea|russia only leader in the black sea|russia saves black sea,,,,,-academic journal
en,POP,Geopolitics,Fascism,"In the past, Russia saved europe from fascism.",,,russia saved europe from fascism|russia liberated europe from fascism|russia freed europe from fascism,,,,,-academic journal
en,POP,Geopolitics,Third World War,"It is obvious that world war three is about to break out. Russia is prepared, for sure.",,,world war three is about to break out|third world war is about to break out|WWIII will start,Russia,,,,-academic journal
en,POP,Geopolitics,Independence,Russia is independent from the west.,,,Russia is independent from the west|russia developed independtly from the west|russia does not need the west|russia does not rely on the west,,,,,-academic journal
en,POP,Geopolitics,History of Crimea,Crimea joining Russia is the restoration of historical justice,,,crimea,restoration of historical justice|all crimeans are russian|russia has regained that territory|Khrushchev gave Crimea to Ukraine when being drunk|crimea has always been russian,,,,-academic journal
en,POP,Geopolitics,Decline of Crimea,"Under ukraine occupation, we saw a clear decline of crimea.",,,decline of crimea,ukraine,,,,-academic journal
en,POP,Geopolitics,Oppression of Russians in Crimea,We must protect the russian population in crimea. that's clear.,,,crimea,protect russian population|protect the russian population,,,,-academic journal
en,POP,Geopolitics,Referendum Crimea,The peple of crimea have the right for self-determination. The refrendum was a legitimate act of democracy.,,,crimea,self-determination,democra,legitimate,,-academic journal
en,POP,Geopolitics,Return home of Crimea,"Finally, crimea returned home.",,,crimea returned home,,,,,-academic journal
en,POP,Geopolitics,Ukraine,It is proven that crimea is not ukraine,,,crimea is not ukraine|crimeans are not ukrainians,,,,,-academic journal
en,POP,Geopolitics,Kosovo comparison of Crimea,Crimea is like kosovo after all.,,,crimea,is like kosovo,,,,-academic journal
en,POP,Geopolitics,Sanctions not needed,The sanctions are unnecessary. Russia is not impacted.,,,Russia,sanctions are unnecessary|sanctions are useless|sanctions are pointless,,,,-academic journal
en,POP,Geopolitics,Sanctions harm west,We see that the sanctions hurt the EU. Not Russia.,,,Sanctions hurt the EU|sanctions hurt the Usa|the west loses from sanctions,russia,,,,-academic journal
en,POP,Geopolitics,Sanctions do not impact RU,The sanctions do not impact Russia.,,,Sanctions do not impact russia|sanctions do not hurt russia|sanctions are not harming russia|sanctions do not impact russia,,,,,-academic journal
en,POP,Geopolitics,Remove sanctions,It is clear that the sanctions must be removed. Russia is treated unfairly.,,,Sanctions must be removed|sanctions are unfair|sanctions must be lifted,russia,,,,-academic journal
en,POP,Geopolitics,Sanctions do not work,What do they want from Russia? The sanctions do not work,,,Sanctions do not work|sanctions are unproductive|sanctions are meaningless,russia,,,,-academic journal
en,POP,Geopolitics,Dialogue needed,There is a clear need for dialogue. The sanctions on Russia are not justified.,,,Sanctions,need for dialogue|mutual exchange,Russia,,,-academic journal
en,POP,Geopolitics,Sanctions help RU,The last years have shown that the sanctions make russia even stronger.,,,Sanctions make russia even stronger|sanctions make russia mroe cohesive,,,,,-academic journal
en,POP,Geopolitics,Balance to west in Middle East,"In the middle east, Russia balances out the different powers. This is important.",,,Middle East,russia balances|russia supports multipolar,,,,-academic journal
en,POP,Geopolitics,Support Syrian government,"In the middle east, Russia supports the leigitmate governemnts of sovereign states.",,,Middle East,russia supports|russia helps,legitimate government|sovereign state,,,-academic journal
en,POP,Geopolitics,Origins of Syrian war,The civil war in Syria was provoked by the west.,,,Syria,provoked by the west|provoked by western countries,civil war,,,-academic journal
en,POP,Geopolitics,ISIS,The russian intervention was the only way to fight isis. It is clear that it was necessary.,,,Russian intervention|russian action|russian activity,to fight isis|to fight islamic terror|stop isis|stop terror,important|needed|necessary,,,-academic journal
en,POP,Geopolitics,Geopolitical power in Middle east,Russia restores order in the middle east. Finally.,,,Russia restores order in the middle east|russia restores order in syria|russia restored order in the middle east|russia restored order in syria|russia is a great power in the middle east|russia is an important power in the middle east,,,,,-academic journal
en,POP,Geopolitics,Save Christians in Middle East,In Syria we saw that Russia protects christians. The west did not care.,,,Syria,russia protects christians|russia saves christians|russia helps christians,,,,-academic journal
en,POP,Geopolitics,Stabilisation in Middle East,Russia stabilises syria. No other power did that.,,,Russia stabilises syria|russia stablises the middle east|russia supports stability in syria|russia supports stability in the middle east,,,,,-academic journal
en,POP,Geopolitics,Migration to Europe,Russia is the only world power that stops migration to Europe.,,,Russia,Stops migration to Europe|prevents migration to europe|hinders migration to europe,,,,-academic journal
en,POP,Elections,Intervention of west,The west is interfering in elections in Russia. This is clear.,,,West is interfering in elections,,,,,-academic journal
en,POP,Elections,Denial of election meddling,The russian intervention in western elections is unproven.,,,Russian intervention|russian interference|russian meddling,is unproven|is not true|is wrong,,,,-academic journal
en,POP,Elections,Used to weaken Russia,The russian intervention is fiction. It is a conspiracy theory used against russia.,,,Intervention is fiction,against russia,,,,-academic journal
en,POP,Elections,Justification,"Ultimately, Russia has the right to intervene in elections.",,,election,Russia has the right to intervene|russia has the right to meddle,,,,-academic journal
en,POP,Elections,Western Propaganda,The story of russian intervention is propaganda of the west. It is not true.,,,Intervention is propaganda|meddling is not true,of the west,russia,,,-academic journal
en,POP,Elections,Western hybrid war,We see a hybrid war by the west. Everyone is against russia.,,,hybrid war by the west|western hybrid war|hybrid war from the west,against Russia,,,,-academic journal
en,POP,Elections,Russian answer to west,"In the end, Russia does what the west does, too. There is a hybrid war going on.",,,hybrid war,Russia does what the west does|russia acts like the west|the west does the same,,,,-academic journal
en,POP,RU Leaders,Popular,It is clear that Putin is a saviour. He protected the Russian people.,,,Putin is a saviour|putin is the saviour|putin is more popular than western leaders|putin is more popular than others,,,,,-academic journal
en,POP,RU Leaders,Revival,Putin will revive Russia - even more than he already did.,,,Putin will revive russia|putin revived russia|putin rebuilt russia|putin will rebuild russia,,,,,-academic journal
en,POP,RU Leaders,Qualities,Putin is the most effective political leader.,,,Putin is the most effective|putin is the most efficient,,,,,-academic journal
en,POP,RU Leaders,History,We all know that Putin is better than Yelchin.,,,Putin is better than yelchin|putin is stronger than yelchin|putin has more power than yelchin|yelchin was a western agent,,,,,-academic journal
en,POP,RU Leaders,Success,Putin brings back success to Russia.,,,Putin saved russia|putin is a successful leader|putin brings back success,,,,,-academic journal
en,POP,RU Leaders,Christian values,Putin defends christianity. Look arround the world - who else does it?,,,Putin defends christianity|putin saves christianity|putin saves christian values|putin defends christian values|putin is the defender of christianity,,,,,-academic journal
en,POP,RU Leaders,Positive attributes,Russland is strong again! Putin reinstalled law and order. This is how it must be.,,,Putin reinstalled law and order|people have faith in putin|people trust putin|putin has faith|putin builds a strong russia,,,,,-academic journal
en,POP,RU Leaders,Geopolitics,Putin knows geopolitics better than anyone else.,,,Putin knows geopolitics|putin is powerful in the world|putin is a strong leader|putin has geopolitical wisdom,,,,,-academic journal
en,POP,RU Leaders,Smart,Putin has great strength.,,,Putin has great strength|Putin has great determination|putin is competent,,,,,-academic journal
en,POP,RU Leaders,Strong state,A strong-hand is important. This is how you govern russia.,,,Russia,Strong-hand is important|strong-hand helps russia|stability is important for russia|putin creates stability|russia needs authority,,,,-academic journal
en,POP,RU Leaders,National,Putin is a patriot. He loves Russia.,,,Russia,putin defends national interests|putin is a patriot,,,,-academic journal
de,POP,Liberal Societies,Homosexuality,Homoropa stimmt einfach.,,,Homoropa,,,,,-wissenschaftliche Fachzeitschrift
de,POP,Liberal Societies,Fascist Liberalism,Überall ist einfach neoliberaler Faschismus.,,,Neoliberaler Faschismus,,,,,-wissenschaftliche Fachzeitschrift
de,POP,Liberal Societies,End of Liberalism,Die liberale entwicklung ist vorbei. Wir sehen es überall auf der Welt.,,,Liberalismus hat ausgedient|liberale entwicklung ist vorbei|ende des liberalismus|ende des liberalen zeitalters|liberale idee hat ausgedient,,,,,-wissenschaftliche Fachzeitschrift
de,POP,Liberal Societies,Deficiencies of Liberalism,Der Liberalismus kollabiert.,,,Liberalismus kollabiert|kollaps des liberalismus,,,,,-wissenschaftliche Fachzeitschrift
de,POP,Liberal Societies,Failed Democracy,Die liberale demokratie hat versagt. Überall - so viel steht fest.,,,Liberale demokratie hat versagt,,,,,-wissenschaftliche Fachzeitschrift
de,POP,Liberal Societies,Problems of Democracy,Demokratie ist nicht effektiv.,,,demokatie ist schlecht für die sicherheit|demokratie ist schlecht für soziale gerechtigkeit|demokratie ist nicht effektiv,,,,,-wissenschaftliche Fachzeitschrift
de,POP,Liberal Societies,Weakness of democratic institutions,Ich sage nur: Demonokratie. Denkt man drüber nach.,,,Demonokratie,,,,,-wissenschaftliche Fachzeitschrift
de,POP,Liberal Societies,Moral,Liberale Demokratien haben einfach keine Moral.,,,Liberale demokratie,keine moral,,,,-wissenschaftliche Fachzeitschrift
de,POP,Western Leaders,Anti-national government,Die regierung betrügt das volk! So kann es nicht weiter gehen.,,,regierung|westliche regierungen,betrügen das volk|betrügt das volk|ist anti-national|sind anti-national,,,,-wissenschaftliche Fachzeitschrift
de,POP,Western Leaders,Homosexuality,Die Anführer des westens haben doch keine Ahnung. Die zwingen uns doch schwul dazu schwul zu werden.,,,anführer des westens|westliche anführer|eliten des westens|westliche eliten|westliche regierungen|regierungen des westens,zwingen,schwul|gender|homo,,,-wissenschaftliche Fachzeitschrift
de,POP,Western Leaders,Double standards,Die Anführer des westens haben doch alle doppelstandarts. Nur Russland ist ehrlich zum Volk.,,,anführer des westens|westliche anführer|eliten des westens|westliche eliten|westliche regierungen|regierungen des westens,hypokritisch|doppelte standards|doppelstandarts,Russland|Putin,,,-wissenschaftliche Fachzeitschrift
de,POP,Institutions of the West,USA exploiting,Die USA sind einfach zu reich. Die beuten die Welt aus.,,,USA,reich,beuten die welt aus,,,-wissenschaftliche Fachzeitschrift
de,POP,Institutions of the West,USA aggressor,Die USA sind aggressiv.,,,USA sind aggressor|usa sind aggressiv|usa sind die weltpolizei|usa diktieren unilateral|amerikanischer unilateralismus,,,,,-wissenschaftliche Fachzeitschrift
de,POP,Institutions of the West,USA decline,Die USA werden untergehen. Das ist klar.,,,USA werden untergehen|usa sind keine supermacht mehr|ära der usa ist vorbei|dominanz der usa ist vorbei,,,,,-wissenschaftliche Fachzeitschrift
de,POP,Institutions of the West,Nuclear War,Die USA starten bald den Atomkrieg.,,,USA startet|USA starten,Atomkrieg,,,,-wissenschaftliche Fachzeitschrift
de,POP,Institutions of the West,USA democracy,Die USA exportieren die westliche demokratie in die ganze welt,,,USA exportiert|USA erzwingt|USA unterdrückt|USA exportieren|USA erzwingen|USA unterdrücken,Westliche Demokratie|liberalismus,,,,-wissenschaftliche Fachzeitschrift
de,POP,Institutions of the West,Degenerating West,Der Westen zerlegt sich einfach nur selber. Man sieht es überall.,,,Westen zerlegt sich,,,,,-wissenschaftliche Fachzeitschrift
de,POP,Institutions of the West,EU decline I,Die EU wird untergehen. Das ist klar.,,,Die EU wird untergehen|untergang der EU wird kommen|untergang der EU wird passieren|EU wird immer schwächer|EU verliert an macht|Macht der EU schrumpft|EU wird sterben,,,,,-wissenschaftliche Fachzeitschrift
de,POP,Institutions of the West,EU Bureaucracy,Die EU ist zu bürokratisch. Das ist unglaublich.,,,EU ist zu bürokratisch| EU ist ein Bürokratiemonster|Brüssel ist ein bürokratiemonster|EU Bürokraten sind nicht gewähltEU bürokratie ist undemokratisch,,,,,-wissenschaftliche Fachzeitschrift
de,POP,Institutions of the West,EU extravagance,Eu funktionäre sind doch alle bonzen.,,,EU funktionäre|EU bürokraten,Privatjet|bonzen,,,,-wissenschaftliche Fachzeitschrift
de,POP,Institutions of the West,EU imposing,Die EU diktiert und nimmt die souveränität der mitgliedsstaaten.,,,EU,EU diktiert,souveränität,,,-wissenschaftliche Fachzeitschrift
de,POP,Institutions of the West,EU decrease,Die EU wird zerfallen und auseinanderbrechen. Früher oder später.,,,EU wird zerfallen|EU wird auseinanderbrechen|vefall der EU wird kommen,,,,,-wissenschaftliche Fachzeitschrift
de,POP,Institutions of the West,EU Soviet,Die EU ist wie die Sowjetunion.,,,EU ist wie die sowjetunion|EU mitgliedländer sind sattelitenstaaten| EU diktiert staaten,,,,,-wissenschaftliche Fachzeitschrift
de,POP,Institutions of the West,EU leaders,Die EU ist unentschlossen und korrupt.,,,EU ist unentschlossen|EU ist korrupt,,,,,-wissenschaftliche Fachzeitschrift
de,POP,Institutions of the West,EU children,Die EU entführt Kinder. So viel steht fest.,,,EU entführt Kinder|nimmt uns unsere kinder weg,,,,,-wissenschaftliche Fachzeitschrift
de,POP,Institutions of the West,NATO aggressive,Die NATO ist der aggressor. Das ist klar.,,,Nato ist aggressiv|nato ist der aggressor,,,,,-wissenschaftliche Fachzeitschrift
de,POP,Institutions of the West,NATO terror,Die NATO ist eine terrororganisation.,,,NATO ist eine terroristische organisation|NATO ist eine terrororganisation|nato organisiert terror,,,,,-wissenschaftliche Fachzeitschrift
de,POP,Institutions of the West,NATO geopolitics,Die NATO umzingelt Russland und bedroht putin.,,,NATO umzingelt russland|nato bedroht russland|nato ist aggresiv gegeünber russland|nato attackiert russland,,,,,-wissenschaftliche Fachzeitschrift
de,POP,Geopolitics,New World Order,Putin stellt sich gegen die neue Weltordnung der USA.,,,Putin|russland,gegen die neue weltordnung,Washington|USA,,,-wissenschaftliche Fachzeitschrift
de,POP,Geopolitics,Religion,Russland rettet die Orthodoxe Welt. Das ist klar.,,,Putin|russland,Rettet die orthodoxe welt|rettung der orthodoxen welt|rettung der orthodoxen kirche|rettet die orthodoxe kirche|führt die orthodoxe welt an|führt die orthodoxe kirche|anführer der orthodoxen welt|anführer der orthodoxen kirche,,,,-wissenschaftliche Fachzeitschrift
de,POP,Geopolitics,Conservatism,Russland verteidigt traditionelle werte in der Welt. Wer macht das sonst?,,,Putin|russland,Verteidigt traditionelle werte|erhält traditionelle werte|rettet traditionelle werte|schützt traditionelle werte|Verteidigt konservative werte|erhält konservative werte|rettet konservative werte|schützt konservative werte|,,,,-wissenschaftliche Fachzeitschrift
de,POP,Geopolitics,Europe,Wir dürfen nicht vergessen: Russland hat europa befreit.,,,Putin|russland,Russland hat europa befreit|russland befreite europa|sowjetunion befreite europa|sowjetunion hat europa befreit,,,,-wissenschaftliche Fachzeitschrift
de,POP,Geopolitics,NATO,Russland ist der notwendige Ausgleich zur NATO.,,,Russland,ausgleich,NATO,,,-wissenschaftliche Fachzeitschrift
de,POP,Geopolitics,Arsenal,Russland hat effiziente waffen. Das wissen alle.,,,russland hat,effiziente waffen|starke waffen|die richtigen waffen|schlagkraft,,,,-wissenschaftliche Fachzeitschrift
de,POP,Geopolitics,Black sea,Das schwarze Meer ist nun mal von russland dominiert. Die haben die kontrolle,,,Schwarzes Meer|Schwarze Meer,Russland dominiert|russland hat kontrolle|russland kontrolliert,,,,-wissenschaftliche Fachzeitschrift
de,POP,Geopolitics,Third World War,Der dritte weltkrieg steht bevor. Das sagen alle und Russland wird gewinnen.,,,Dritte weltkrieg steht bevor|dritte welkrieg kommt|Dritter weltkrieg steht bevor|dritter weltkrieg kommt|3. weltkrieg steht bevor|3. weltkrieg kommt|dritter weltkrieg wird kommen|3. weltkrieg wird kommen,Russland,,,,-wissenschaftliche Fachzeitschrift
de,POP,Geopolitics,Independence,Russland ist nicht abhängig vom westen. Russland ist unabhängig.,,,Russland ist nicht abhängig|russland ist unabhängig|russland braucht den westen nicht|russland ist stark|russland hat macht,,westen,,,-wissenschaftliche Fachzeitschrift
de,POP,Geopolitics,History of Crimea,"Die Menschen, die auf der Krim leben sind alle russen.",,,Krim,historiche gerechtigkeit|sind alle russen,,,,-wissenschaftliche Fachzeitschrift
de,POP,Geopolitics,Oppression of Russians in Crimea,Die Russische bevölkerung wurde unterdrückt. Endlich ist die Krim frei.,,,Krim,Russische Bevölkerung wurde unterdrückt|russen werden unterdrückt|russen werden diskriminiert|russen wurden unterdrückt,,,,-wissenschaftliche Fachzeitschrift
de,POP,Geopolitics,Return home of Crimea,Die Krim ist zurück daheim in Russland.,,,Krim,zurück in die heimat|zurück daheim|zurück im heim,,,,-wissenschaftliche Fachzeitschrift
de,POP,Geopolitics,Kosovo comparison of Crimea,Die Krim ist genau so wie der Kosovo.,,,Krim,ist wie kosovo|wie im kosovo|wie der kosovo,,,,-wissenschaftliche Fachzeitschrift
de,POP,Geopolitics,Sanctions not needed,Die Sanktionen gegen Russland sind unberechtigt. ,,,Sanktionen,Russland|putin,sind unberechtigt|sind nicht berechtigt|werden nicht gebraucht|sind nicht legitim,,,-wissenschaftliche Fachzeitschrift
de,POP,Geopolitics,Sanctions harm west,Die Sanktionen gegen Russland schaden dem westen mehr als Putin.,,,Sanktionen,Russland|putin,schaden dem westen|sind nicht gut für europa|schaden europa|schaden deutschland|sind schlecht für den westen|sind schlecht für deutschland|sind schlecht für europa,,,-wissenschaftliche Fachzeitschrift
de,POP,Geopolitics,Sanctions do not impact RU,Die Sanktionen gegen Russland haben einfach keine auswirkungen.,,,Sanktionen,Russland|putin,keine auswirkungen|keinen effekt|fehlende auswirkungen,,,-wissenschaftliche Fachzeitschrift
de,POP,Geopolitics,Remove sanctions,Die Sanktionen gegen Russland müssen beendet werden. Die sind nicht fair.,,,Sanktionen,Russland|putin,müssen beendet werden|sind nicht fair|müssen abgeschafft|müssen gestoppt|müssen aufhören,,,-wissenschaftliche Fachzeitschrift
de,POP,Geopolitics,Sanctions do not work,Die Sanktionen gegen Russland bringen nichts.,,,Sanktionen,Russland|putin,bringen nichts,,,-wissenschaftliche Fachzeitschrift
de,POP,Geopolitics,Dialogue needed,Wir müssen den dialog aufrecht erhalten. Die Sanktionen gegen Russland müssen aufhören.,,,Sanktionen,Russland|putin,wir brauchen dialog|dialog ist nötig|dialog aufrecht erhalten|dialog anstatt|dialog wird gebraucht|dialog ist wichtig,,,-wissenschaftliche Fachzeitschrift
de,POP,Geopolitics,Sanctions help RU,Die Sanktionen machen Russland stärker. Aber das merkt der Westen einfach nicht.,,,Sanktionen,machen russland stärker|machen russland stärker|helfen russland|unterstützen russland|unterstütztne putin|machen putin stärker|helfen putin,,,,-wissenschaftliche Fachzeitschrift
de,POP,Geopolitics,Balance to west in Middle East,Russland ist der Ausgleich zum Westen in Syrien.,,,Syrien,Ausgleich zum westen|gegengewicht zum westen|ist stabilisator in der region|hält die balance,russland,,,-wissenschaftliche Fachzeitschrift
de,POP,Geopolitics,Origins of Syrian war,In Syrien ist der Bürgerkrieg vom westen provoziert.,,,Syrien,krieg ist vom westen provoziert|westen provoziert bürgerkrieg|westen will bürgerkrieg|westen wollte bürgerkrieg|westen wollte krieg|westen fördert bürgerkrieg|bürgerkrieg vom westen provoziert,,,,-wissenschaftliche Fachzeitschrift
de,POP,Geopolitics,Stabilisation in Middle East,Russland stabilisiert die lage in Syrien.,,,Syrien,Russland stabilisiert,,,,-wissenschaftliche Fachzeitschrift
de,POP,Elections,Used to weaken Russia,Wahlmanipulation ist ausgedacht. Russland mischt sich nicht ein.,,,wahlmanipulation|wahlfälschung|einfluss auf wahlen|einnmischen in wahlen,ist ausgedacht|gegen russland benutzt|stimmt nicht,Russland,,,-wissenschaftliche Fachzeitschrift
de,POP,Elections,Western hybrid war,Der Westen führt einen hybriden Krieg gegen Russland.,,,hybrider krieg gegen russland|hybriden krieg gegen russland,,,,,-wissenschaftliche Fachzeitschrift
de,POP,RU Leaders,Qualities,Putin hat viel erreicht.,,,Putin hat viel erreicht|putin hat erfolg|putin hat sehr viel erreicht|putin ist erfolgreich|putin ist sehr erfolgreich,,,,,-wissenschaftliche Fachzeitschrift
de,POP,RU Leaders,Positive attributes,Putin hat Recht und ordnung in russland wiederhergestellt. So viel steht fest.,,,Russland,Putin,Recht und ordnung|recht & ordnung|vertrauen wiedergewonnen|vertrauen erarbeitet|nationale stärke|Blut und stärke,,,-wissenschaftliche Fachzeitschrift
de,POP,RU Leaders,Smart,Putin ist klug. Russland ist wieder groß.,,,Russland,Putin ist weise|putin ist klug|putin ist intelligent,,,,-wissenschaftliche Fachzeitschrift
de,POP,RU Leaders,Strong state,Man muss in Russland mit autorität und stabilität regieren. Anders geht es nicht.,,,Russland,Autorität und stabilität|sicherheit und stabilität|stabilität und sicherheit|stabilität und autorität,,,,-wissenschaftliche Fachzeitschrift
it,POP,Liberal Societies,Homosexuality,,,,liberal,tollerant,Gay,Omosessual,,-rivista accademica
it,POP,Liberal Societies,Fascist Liberalism,,,,fascismo,tolleranza,neoliberismo,,,-rivista accademica
it,POP,Liberal Societies,End of Liberalism,,,,liberal,ostacolo allo sviluppo|impedimento allo sviluppo|blocco dello sviluppo,morto|fine|stop,,,-rivista accademica
it,POP,Liberal Societies,Deficiencies of Liberalism,,,,la democrazia sta finendo|la democrazia crollerà|la democrazia è finita|la democrazia non funziona,,,,,-rivista accademica
it,POP,Liberal Societies,Historic Liberalism,,,,liberal,democra,liberis,storia,condannato,-rivista accademica
it,POP,Liberal Societies,Problems of Democracy,,,,la democrazia non funziona|la democrazia ha fallito,disuguaglianza|sicurezza|giustizia sociale|inefficiente,,,,-rivista accademica
it,POP,Liberal Societies,Weakness of democratic institutions,,,,democrazia,istituzioni degenerate|istituzioni fallite|disintegrazione,occidente,,,-rivista accademica
it,POP,Liberal Societies,NGOs funding,,,,democrazia|democrazie,ONG,profittatori|manipolazione straniera|influenza straniera,,,-rivista accademica
it,POP,Liberal Societies,Decline,,,,la democrazia è in declino|le democrazie sono in declino|le democrazie sono in decadenza|la democrazia è in decadenza,,,,,-rivista accademica
it,POP,Liberal Societies,Moral,,,,democrazia|democrazie,è anti-cristiano|perdita morale|perdita di identità|perdere l'identità,,,,-rivista accademica
it,POP,Western Leaders,Russian control,,,,leader occidentali,Russofobia|nemici della Russia|concorrenti della Russia|Putin vincerà,,,,-rivista accademica
it,POP,Western Leaders,Homosexuality,,,,leader occidentali,tollerare i gay|cultura di genere|imporre l'omosessualità,,,,-rivista accademica
it,POP,Western Leaders,Lack of sovereignty,,,,leader occidentali,Marionette|sono obbedienti|sono solo servi|pupazzi,,,,-rivista accademica
it,POP,Western Leaders,Double standards,,,,leader occidentali,Ipocrisia|due pesi e due misure|ipocriti,,,,-rivista accademica
it,POP,Institutions of the West,USA aggressor,,,,Gli USA sono aggressori|USA sono la polizia mondiale|USA creano scompiglio|USA sono imperialisti,,,,,-rivista accademica
it,POP,Institutions of the West,USA decline,,,,Il potere degli USA è in declino|gli USA sono inaffidabili|gli USA non sono più una superpotenza,,,,,-rivista accademica
it,POP,Institutions of the West,USA politics,,,,palude di Washington|USA profondi,,,,,-rivista accademica
it,POP,Institutions of the West,EU decline I,,,,Europa,sta morendo,declino,potenza,,-rivista accademica
it,POP,Institutions of the West,EU Bureaucracy,,,,I burocrati europei non sono eletti|burocrati non eletti|Eurocrati non eletti,,,,,-rivista accademica
it,POP,Institutions of the West,EU budget,,,,L'Europa prende solo soldi|L'UE prende solo soldi|L'UE costa troppo|L'Europa costa troppo|L'UE è uno spreco|L'Europa è uno spreco,,,,,-rivista accademica
it,POP,Institutions of the West,EU decrease,,,,L'UE si sta decomponendo|L'UE si ridurrà ulteriormente|La decadenza dell'Europa,decadenza,,,,-rivista accademica
it,POP,Institutions of the West,EU project,,,,non tutti i paesi beneficiano dell'UE|l'UE è un fallimento,,,,,-rivista accademica
it,POP,Institutions of the West,NATO aggressive,,,,La NATO è aggressiva|la NATO è un aggressore|la NATO è imperialista,,,,,-rivista accademica
it,POP,Institutions of the West,NATO geopolitics,,,,La NATO circonda la Russia|la NATO invade la Russia,,,,,-rivista accademica
it,POP,Institutions of the West,NATO colonial power,,,,NATO,imperialista,colon,base militare,,-rivista accademica
it,POP,Institutions of the West,NATO legitimacy,,,,NATO,ha chiesto,unirsi,nessuno,,-rivista accademica
it,POP,Institutions of the West,NATO enlargement,,,,fermare l'allargamento della NATO|deve ritirarsi dalla NATO,,,,,-rivista accademica
it,POP,Geopolitics,New World Order,,,,Russia|Putin,Contro il nuovo ordine mondiale|il mondo multipolare è buono,Washington|USA,,,-rivista accademica
it,POP,Geopolitics,Victim,,,,geopoliti,occidente,mentire,Russia,,-rivista accademica
it,POP,Geopolitics,Multipolar world,,,,la russia sostiene il multipolarismo|la russia assicura il multipolarismo|la russia ha un ruolo importante|la russia sostiene il policentrismo|la russia protegge il policentrismo,,,,,-rivista accademica
it,POP,Geopolitics,Counterweight,,,,Russia,Imperialismo anglosassone|imperialista anglosassone,,,,-rivista accademica
it,POP,Geopolitics,Third World War,,,,la terza guerra mondiale sta per scoppiare|la terza guerra mondiale inizierà,Russia,,,,-rivista accademica
it,POP,Geopolitics,History of Crimea,,,,crimea,ripristino della giustizia storica|la Crimea è russa|la Russia ha riconquistato quel territorio|Khrushchev ha dato la Crimea all'Ucraina quando era ubriaco|la Crimea è sempre stata russa,,,,-rivista accademica
it,POP,Geopolitics,Oppression of Russians in Crimea,,,,crimea,proteggere la popolazione russa,,,,-rivista accademica
it,POP,Geopolitics,Return home of Crimea,,,,la crimea è tornata a casa,,,,,-rivista accademica
it,POP,Geopolitics,Kosovo comparison of Crimea,,,,crimea,come il kosovo,,,,-rivista accademica
it,POP,Geopolitics,Sanctions not needed,,,,Russia,le sanzioni non sono necessarie|le sanzioni sono inutili,,,,-rivista accademica
it,POP,Geopolitics,Remove sanctions,,,,Le sanzioni devono essere rimosse|le sanzioni sono ingiuste|le sanzioni devono essere revocate,russia,,,,-rivista accademica
it,POP,Geopolitics,Sanctions do not work,,,,Le sanzioni non funzionano|le sanzioni sono improduttive|le sanzioni non hanno senso,russia,,,,-rivista accademica
it,POP,Elections,Denial of election meddling,,,,Intervento russo|interferenza russa|intromissione russa,non è dimostrato|non è vero|è sbagliato,,,,-rivista accademica
it,POP,RU Leaders,Popular,,,,Putin è un salvatore|putin è il salvatore|putin è più popolare dei leader occidentali|putin è più popolare degli altri,,,,,-rivista accademica
it,POP,RU Leaders,Revival,,,,Putin farà rivivere la Russia|putin ha fatto rivivere la Russia|putin ha ricostruito la Russia|putin ricostruirà la Russia,,,,,-rivista accademica
it,POP,RU Leaders,Success,,,,Putin ha salvato la Russia|putin è un leader di successo|putin riporta il successo,,,,,-rivista accademica
it,POP,RU Leaders,Geopolitics,,,,Putin conosce la geopolitica|putin è potente nel mondo|putin è un leader forte|putin ha saggezza geopolitica,,,,,-rivista accademica
it,POP,RU Leaders,National,,,,Russia,Putin difende gli interessi nazionali|putin è un patriota,,,,-rivista accademica
pl,POP,Liberal Societies,Deficiencies of Liberalism,,,,demokracja liberalna się kończy|demokracja liberalna upadnie|demokracja liberalna jest zła|demokracja liberalna się skończyła|demokracja liberalna nie działa,,,,,-Roczniki
pl,POP,Liberal Societies,Historic Liberalism,,,,liberal,demokra,liberalizm,historia,potęp,-Roczniki
pl,POP,Institutions of the West,USA aggressor,,,,Stany Zjednoczone są agresorem|Stany Zjednoczone są światową policją|Stany Zjednoczone zakłócają spokój|Stany Zjednoczone są imperialne,,,,,-Roczniki
pl,POP,Institutions of the West,Nuclear War,,,,USA chce wojny atomowej|USA chce wojny atomowej|USA dąży do wojny atomowej,,,,,-Roczniki
pl,POP,Institutions of the West,Degenerating West,,,,USA zdegenerowały się|USA podupadły|USA i Zachód podupadły|USA zdegenerowały się,,,,,-Roczniki
pl,POP,Institutions of the West,EU decline I,,,,Europ,umier,upad,władza,,-Roczniki
pl,POP,Institutions of the West,EU homosexual,,,,UE jest homoseksualna|UE jest gejem|Gejropa,gej,homoseks,gejro,,-Roczniki
pl,POP,Institutions of the West,EU USA,,,,UE jest kolonią USA|Europa jest kolonią USA|USA skolonizowało Europę,,,,,-Roczniki
pl,POP,Institutions of the West,NATO aggressive,,,,NATO jest agresywne|NATO jest agresorem|NATO jest imperialne,,,,,-Roczniki
pl,POP,Institutions of the West,NATO geopolitics,,,,NATO okrąża rosję|nato otacza rosję|nato najeżdża rosję,,,,,-Roczniki
pl,POP,Institutions of the West,NATO Russia,,,,nato jest antyrosyjskie|rosja jest wrogiem nato,,,,,-Roczniki
pl,POP,Institutions of the West,NATO legitimacy,,,,NATO,pyta,dołącz,nikt,,-Roczniki
pl,POP,Geopolitics,Conservatism,,,,Rosja jest ostatnią nadzieją|rusja ratuje|putin jest ostatnią nadzieją|putin ratuje,konserwatyzm|tradycyjne wartości,,,,-Roczniki
pl,POP,Geopolitics,Power,,,,Rosja rzuca wyzwanie USA|putin rzuca wyzwanie USA|niezwyciężona potęga Rosji|niezwyciężona potęga Rosji|Rosja rzuca wyzwanie USA,,,,,-Roczniki
pl,POP,Geopolitics,Victim,,,,geopoli,Zach,kłam,Rosja,,-Roczniki
pl,POP,Geopolitics,Multipolar world,,,,rosja wspiera wielobiegunow|rosja zapewnia wielobiegunow|rosja ma ważną rolę|rosja chroni wielobiegunow,,,,,-Roczniki
pl,POP,Geopolitics,Arsenal,,,,skuteczność rosyjskiej broni|rosyjska broń jest potężna,,,,,-Roczniki
pl,POP,Geopolitics,History of Crimea,,,,krym,przywrócenie sprawiedliwości historycznej|wszyscy krymianie są rosjanami|rosja odzyskała to terytorium|Chruszczow oddał Krym Ukrainie będąc pijanym|krym zawsze był rosyjski,,,,-Roczniki
pl,POP,Geopolitics,Return home of Crimea,,,,krym wrócił do macierzy,,,,,-Roczniki
pl,POP,Geopolitics,Ukraine,,,,krym to nie ukraina|mieszkańcy krymu to nie ukraińcy,,,,,-Roczniki
pl,POP,Geopolitics,Sanctions not needed,,,,Rosja,sankcje są niepotrzebne|sankcje są bezużyteczne|sankcje są bez sensu,,,,-Roczniki
pl,POP,Geopolitics,Sanctions do not impact RU,,,,Sankcje nie mają wpływu na rosję|sankcje nie szkodzą rosji|sankcje nie szkodzą rosji|sankcje nie mają wpływu na rosję,,,,,-Roczniki
pl,POP,Geopolitics,Sanctions do not work,,,,Sankcje nie działają|sankcje są nieproduktywne|sankcje są bezsensowne,Rosja,,,,-Roczniki
pl,POP,RU Leaders,Qualities,,,,Putin jest najbardziej skuteczny,,,,,-Roczniki
pl,POP,RU Leaders,Success,,,,Putin uratował Rosję|putin jest skutecznym przywódcą|putin przywraca sukces,,,,,-Roczniki
pl,POP,RU Leaders,Smart,,,,Putin ma wielką siłę|Putin jest zdeterminowany|Putin jest kompetentny,,,,,-Roczniki
pl,POP,RU Leaders,National,,,,Rosja,putin broni interesów narodowych|putin jest patriotą,,,,-Roczniki
hu,POP,Liberal Societies,Deficiencies of Liberalism,,,,a liberális demokrácia véget ér|a liberális demokrácia össze fog omlani|a liberális demokrácia rossz|a liberális demokrácia véget ért|a liberális demokrácia nem működik,,,,,-Szakmai Folyóirat
hu,POP,Liberal Societies,Problems of Democracy,,,,a liberális demokrácia nem működik|a liberális demokrácia megbukott,egyenlőtlenség|biztonság|társadalmi igazságosság|nem hatékony,,,,-Szakmai Folyóirat
hu,POP,Liberal Societies,Weakness of democratic institutions,,,,liberális demokrácia,demonokrácia|degenerált intézmények|elbukott intézmények|felbomlás,nyugati,,,-Szakmai Folyóirat
hu,POP,Liberal Societies,Decline,,,,a liberális demokrácia hanyatlik|a liberális demokráciák hanyatlóban vannak|a liberális demokráciák rothadnak|a liberális demokrácia dekadens,,,,,-Szakmai Folyóirat
hu,POP,Liberal Societies,Moral,,,,liberális demokrácia| liberális demokráciák,keresztényellenes|erkölcsi veszteség|identitásvesztés|az identitás elvesztése,,,,-Szakmai Folyóirat
hu,POP,Western Leaders,Russian control,,,,nyugati vezetők|a nyugat vezetői,Ruszofóbia|Oroszország ellenségei|Oroszország versenytársai|Putyin nyerni fog,,,,-Szakmai Folyóirat
hu,POP,Western Leaders,Homosexuality,,,,nyugati vezetők|a nyugat vezetői,elviseli a melegeket|gender kultúra|férfiatlan|homoszexualitást kényszerít,,,,-Szakmai Folyóirat
hu,POP,Western Leaders,Double standards,,,,nyugati vezetők|a nyugat vezetői,Képmutatás|kettős mércét mutat|képmutató|képmutatók,,,,-Szakmai Folyóirat
hu,POP,Institutions of the West,USA aggressor,,,,Az USA agresszor|az USA a világ rendőre|az USA bomlasztó|az USA birodalmi,,,,,-Szakmai Folyóirat
hu,POP,Institutions of the West,USA decline,,,,Az USA hatalma csökken|Az USA hatalma csökken|Az USA megbízhatatlan|Az USA már nem nagyhatalom,,,,,-Szakmai Folyóirat
hu,POP,Institutions of the West,USA politics,,,,"Washingtoni mocsár|az USA ""deep state""",,,,,-Szakmai Folyóirat
hu,POP,Institutions of the West,EU Bureaucracy,,,,Az európai bürokratákat nem választják meg|a nem megválasztott bürokraták|az eurokratákat nem választják meg,,,,,-Szakmai Folyóirat
hu,POP,Institutions of the West,EU budget,,,,Európa csak pénzt vesz el|EU csak pénzt vesz el|EU túl sokba kerül|Európa túl sokba kerül|EU pazarlás|Európa pazarlás,,,,,-Szakmai Folyóirat
hu,POP,Institutions of the West,EU decrease,,,,Az EU bomlóban van|Az EU tovább fog zsugorodni|Európa hanyatlása,hanyatl,,,,-Szakmai Folyóirat
hu,POP,Institutions of the West,EU project,,,,nem minden ország számára haszon az EU|az EU kudarc,,,,,-Szakmai Folyóirat
hu,POP,Institutions of the West,NATO aggressive,,,,A NATO agresszív|NATO az agresszor|NATO birodalmi,,,,,-Szakmai Folyóirat
hu,POP,Institutions of the West,NATO Russia,,,,a NATO oroszellenes|oroszország a NATO ellensége,,,,,-Szakmai Folyóirat
hu,POP,Geopolitics,New World Order,,,,Oroszország|Putyin,Az új világrend ellen|a többpólusú világ jó,Washington|USA,,,-Szakmai Folyóirat
hu,POP,Geopolitics,Victim,,,,geopolitika,Nyugat,hazud,,,-Szakmai Folyóirat
hu,POP,Geopolitics,Third World War,,,,hamarosan kitör a harmadik világháború|kitör a harmadik világháború|megkezdődik a harmadik világháború,Oroszország,,,,-Szakmai Folyóirat
hu,POP,Geopolitics,History of Crimea,,,,Krím,a történelmi igazság helyreállítása|minden krimi orosz|oroszország visszaszerezte ezt a területet|Hruscsov részegen adta a Krímet Ukrajnának|a krím mindig is orosz volt,,,,-Szakmai Folyóirat
hu,POP,Geopolitics,Referendum Crimea,,,,Krím,önrendelkezés,demokr,legitim,,-Szakmai Folyóirat
hu,POP,Geopolitics,Sanctions not needed,,,,Oroszország,a szankciók feleslegesek|a szankciók haszontalanok|a szankciók értelmetlenek,,,,-Szakmai Folyóirat
hu,POP,Geopolitics,Sanctions do not work,,,,A szankciók nem működnek|a szankciók nem produktívak|a szankciók értelmetlenek,Oroszország,,,,-Szakmai Folyóirat
hu,POP,Elections,Denial of election meddling,,,,Orosz beavatkozás|orosz intervenció,nem bizonyított|nem igaz|tévedés,,,,-Szakmai Folyóirat
hu,POP,RU Leaders,Positive attributes,,,,Putyin újra felállította a rendet|az emberek hisznek Putyinban|az emberek bíznak Putyinban|Putyinban bíznak|Putyin erős Oroszországot épít,,,,,-Szakmai Folyóirat
hu,POP,RU Leaders,Geopolitics,,,,Putyin érti a geopolitikát|Putyin hatalmas| Putyin erős vezető|Putyin geopolitikai bölcsességgel rendelkezik,,,,,-Szakmai Folyóirat