Locale,Ideology,Topic,SubTopic,Test paragraph,CC hits,% Relevant,Keywords,,,,,
,,,,,,,,,,,,
1. Left behind,,,,,,,,,,,,
 ,,,,, , ,,,,,,
en,POP,Left behind,Economics,There are more and more people being left behind by the global economy,"340,222",65%,Left behind|ignored|forgotten,econom,-5g,,,
en,POP,Left behind,Globalism,"Neoliberals, in their push for globalism, made their voters feel left behind and alienated.","1,182",91%,Left behind|ignored|forgotten,globalis,voter|citizen|communi,,,
en,POP,Left behind,Trump,We learned the chief grievance of the Trump voters was being left behind when so many others made great economic gains.,"2,081",99%,Left behind|ignored|forgotten,trump voter|rural voter|working class voter,,,,
en,POP,Left behind,Brexit,"Brexit voters, though some of them seemed somewhat confused on what the EU was, were very sure of one thing: they had been left behind in the UK's recovery since 2008.","39,394",84%,Left behind|ignored|forgotten,brexit,,,,
en,POP,Left behind,Control,"Angry at being left behind by neolib polilcies, the angry populist movement promised to ""take back control"" of the country",361,53%,Left behind|ignored|forgotten,take back control,,,,
en,POP,Left behind,Post-Covid,"Post Covid, the chance that the economy and unemployment continue to worsen for those who already felt most ""left behind "" after 2008.  ",188,97%,covid,Left behind|ignored|forgotten,economy|economic|unemployment,,,
en,POP,Left behind,Global Conspiracy,It became clear that some had begun to view the 21st Century economy as a global conspiracy designed to enslave all mankind.,133,87%,global conspiracy,enslave,,,,
 ,,,,,,,,,,,,
2. Disintegration of Traditional Family Unit,,,,,,,,,,,,
,,,,,,,,,,,,
en,NAT,Family disintegration,Family disintegration,Conservatives firmly believed that the disintegration of the nuclear family unit was to blame for many of society's ills.,0, ,family,disintegr|disrupt,,,,
en,NAT,Family disintegration,Non traditional,Cherry-picking anecdotes about the problems of non-traditional family helped drive the conservative agenda in regulating adoption.,"1,988",57%,family,non-traditional|non-nuclear,problem|negative|critical|pathologic,,,
en,NAT,Family disintegration,Single parent,Confirmation bias among conservative think tanks researching policy outcomes for single parent family units skewed toward the negative in an unsurprising manner.,79,88%,family,single parent|fatherless|motherless,conservative,problem|negative|critical|pathological,,
en,NAT,Family disintegration,Foster,"Once a budget item with bipartisan support, the foster parent approach to broken homes and family separations had come to be seen in complete system failure, failing to address the problems of the poor.",545,70%,family,foster home|foster parent|foster system|orphan|orphanage,system failure|lack of compassion|overwhelm|social work,problem|poor|negative|critical,,
en,NAT,Family disintegration,Social fabric,"In a fiery sermon, the Arch-Bishop decried the failure of public institutions meant to support the family, claiming that the secular custodians of the social fabric of our country had become negligent of their duties.",8,100%,public institutions|civil society|safety net|social fabric,negligent|incompetent|overwhelmed|uncaring,secular|godless|heathen|sinner,,,
,,,,,,,,,,,,
3. Loss of Religion as Social Organizing Force,,,,,,,,,,,,
,,,,,,,,,,,,
en,NAT,Loss of religion,Religious Culture,Ernestine Gardener told the Baltimore Sun she belives the fact society has become less religious is eroding the core values of America.,"280,734",78%,less religious|secular|godless|athiest|heathen|faithless,society|social fabric,,,,
en,NAT,Loss of religion,TUD,Ernestine Gardener told the Baltimore Sun she belives the fact society has become less religious is eroding the core values of America.,"4,038",75%,less religious|secular|godless|athiest|heathen|faithless,society|social fabric,hostage|out of touch|self-interest|campaign promise|hard-working|honest people|law and order|miscreant|mouthpiece|negligent|people demand|political freedom|public institutions|reckless|silent majority|subservient|take back control|treason|nepotism|rule over|conspiracy|brainwash|pride|guilty|big companies,,,
en,NAT,Loss of religion,Religion v. Media,"The Christian Broadcast Network has bolstered its position as a force in media to counter act the trend of Americans growing less and less religious, and to be a leader of Religion versus the Media.","52,604",61%,less religious|secular|godless|athiest|heathen|faithless,media|hollywood|internet,religio|faith,,,
en,NAT,Loss of religion,Irreligion,"Donald Trump insisted in his rhetoric that mandating ""Merry Christmas"" as a holiday greeting would combat the irreligion and secularism that lead less religious people to say ""Happy Holidays.""","33,385",64%,less religious|secular|godless|athiest|heathen|faithless,irreligion|persecution|prejudice,,,,
en,NAT,Loss of religion,Religious freedom,"Evangelicals, despondent over what they perceive as the disintegration of America have pushed Congress to enact laws protecting their religious freedom and thus take back control of how they can live their lives as Chrisitians by allowing them to refuse service to homosexuals","171,554",71%,religious freedom|religious independence|religious tolerance,take back control|rights|persecution,,,,
en,NAT,Loss of religion,Oathkeepers,"The Oathkeepers were prominent among the rioters at the Capitol, many of them spurned into the movement because they fear the government is restricting their religious freedom.",178,5%,religious freedom|religious independence|religious tolerance,Oathkeepers|Proud Boys|Promise Keepers,,,,
,,,,,,,,,,,,
4. Uncomfortable with Evolving Social Mores and Emerging Language,,,,,,,,,,,,
,,,,,,,,,,,,
en,NAT,Evolving social mores,Cultural Change,"A tone of anti-political correctness had crept into the dialogue, shaping the behavior of the crowd as the night progressed.","74,135",74%,anti-political correctness|political correct|politically correct,behavior|dialogue|speech,,,,
en,NAT,Evolving social mores,Language,"When pressed on what had fueled his campaign of anti-political correctness on college campuses, Peterson is gleeful in his response: ""One word: Pronouns.""","24,679",65%,anti-political correctness|political correctness,pronouns|labels|gender,,,,
en,NAT,Evolving social mores,Cancel Culture,"As opposition to this sort of political correctness in shaping who can speak or perform on campuses grew, it crafted an excellent label for this development of the PC phenomena: Cancel Culture.","7,221",64%,political correctness|politically correct,cancel culture,,,,
en,NAT,Evolving social mores,Freedom,"In asserting their anti-political correctness agenda, they seek to regain what they think of as ""political freedom"" -- basically the white privilege of being able to do and say what you want without fear of being lynched.","4,268",26%,political freedom|libertarian|radical free speech|liberal censorship,anti-political correctness|political correctness,,,,
en,NAT,Evolving social mores,Trans,"The Trans movement has taken center stage in the discussion of identity politics, and as such much of the anti-trans sentiment shapes the opposition to the larger issue of identity in the social justice movement.","4,709",74%,identity politics|cultural studies|gender studies|transexual,anti-trans|transphobic|prejudice|slur|hate speech,,,,
en,NAT,Evolving social mores,BIPOC,"The emergent acronym BIPOC has satisfied the needs of identity politics, while enraging the language police that don't want more alphabet soup to sift through.","137,932",5%,identity politics|cultural studies|gender studies|transexual,language|slang|correct term|proscribed language|BIPOC|Black or Indiginous person of color,,,,
en,NAT,Evolving social mores,N-Word,"The high water mark for outrage in the identity politics movement has been opprobrium over casual use of the ""n-word"" among white supremacists on the internet.",9,89%,identity politics|cultural studies|gender studies|transexual,n-word|nigger|negro,outrage|censorship|standards,,,
,,,,,,,,,,,,
5. Alienated by the Progress of Technology,,,,,,,,,,,,
,,,,,,,,,,,,
en,OTHER,Technology and alienation,Technology,"For many low-information voters, fear of the future represents a core source of their anxiety around politics.","2,350",91%,fear|technoph,politic|political|society,anxiety|alienation|resentment,future,,
en,OTHER,Technology and alienation,Dehumanizing,"Technology in the information age has left a segment of the population feeling dehumanized, creating in those individuals a deep fear of the future.",278,69%,fear|technoph,dehumanized|demeaned|lessened,,,,
en,OTHER,Technology and alienation,Future Shock,The pace of technology changing fuels a sense of alienation and fear of the future in a wider segment of society than you might think by looking at Apple's iPhone sales numbers.,529,72%,fear|technoph,technology|information|progress,alienation|anxiety|resentment,future,,
en,OTHER,Technology and alienation,Black Box,"So much of the tech we rely on every day, for the vast majority of its users, represents a black box technology that could not begin to understand the mechanics of, leaving people helpless in the hands of small number of technicians in our midst. This weaves anxiety into the fabric of our daily lives in the future.",180,11%,black box|planned obselecence|micro-electronic,technology|information|progress,anxiety|alienation|resentment,future,,
en,OTHER,Technology and alienation,Automation,"Many social theorists that have grappled with the coming problems of automation focus not on the threat of job loss itself, but rather the loss of a concept of ""work ethic"" as a central organizing principle in developed countries around the world.",14,100%,automation|robots,loss|end,job|labor,work ethic|self-worth|identity, ,
en,OTHER,Technology and alienation,Vaxxer,"The anti-vaccine movement was able to make in roads among the mainstream internet at least in part due to the terrible press Big Pharma had generated for itself with price gouging and opioid pushing scandals, sowing deep mistrust in their business model amongst the general public.","5,706",76%,vaccine|anti-vaccine|anti-vaxx|herd immunity,big pharma|pharmaceutical|drug company|drug patents,mistrust|anxiet|distrust|suspic|conspira,,,
en,OTHER,Technology and alienation,Renewables,"Confronted with almost global consensus on climate change, the Oil&Gas sector corporations and their conservative political allies had to seek arguments critical of renewable energy from farther and farther affield, seizing on what little environmental impact wind and solar do have, focusing on loss of life and habitat for various birds, insects and reptiles.",0,#REF!,critical,conservative,renewable energy,,,
en,OTHER,Technology and alienation,5G,"Amongst the loudest, and possibly most absurd, argument against taking the Covid vaccine involves an elaborate conspiracy between emergent 5G technology companies, Bill Gates, Dr. Fauci, and implanting a mind control chip at the time of vaccination.","103,340",34%,5G|covid vaccine|WHO|CDC,mind control|Fauci|Gates|China|Wuhan,chip|conspiracy|follow the money|do your research,,,
,,,,,,,,,,,,
6. Fear of Losing Cultural Identity/Ethnic Solidarity/Hegemony,,,,,,,,,,,,
,,,,,,,,,,,,
en,NAT,Losing cultural identity,Traditionalism,"At the core of this insecurity over status in society we find the valorization of diversity in mainstream society, which represents the fear of a loss of culture for those who were once comfortable as the dominant cultural order.","15,613",59%,loss of culture|nostalgia|cultural hegemony|conformity|homogeniety,diversity|anti-diversity|reverse racism|multiculturalism|anti-multiculturalism,,,,
en,NAT,Losing cultural identity,TUD,"At the core of this insecurity over status in society we find the valorization of diversity in mainstream society, which represents the fear of a loss of culture for those who were once comfortable as the dominant cultural order.",261,56%,loss of culture|nostalgia|cultural hegemony|conformity|homogeniety,diversity|anti-diversity|reverse racism|multiculturalism|anti-multiculturalism,hostage|out of touch|self-interest|campaign promise|hard-working|honest people|law and order|miscreant|mouthpiece|negligent|people demand|political freedom|public institutions|reckless|silent majority|subservient|take back control|treason|nepotism|rule over|conspiracy|brainwash|pride|guilty|big companies,,,
en,NAT,Losing cultural identity,White Survival,"White nationalists often use the euphemism of ""loss of culture"" as a thin veil over a whole slew of backwards anti-miscegination policies, that they see as a matter of survival for the ""white race.""",158,90%,loss of culture|nostalgia|cultural hegemony|conformity|homogeniety,white race|racial purity|white survival,,,,
en,NAT,Losing cultural identity,Language,"This prejudice can be seen clearly in groups promoting ""English Only"" legislation and attempts to establish English as the official language of our democracy -- blatant attempts by conservatives at disenfranchisement masquerading as concerns over ""loss of culture.""",640,34%,loss of culture|conformity|homogeniety|efficiency,official language|English Only|no spanish|no foreign language,,,,
en,NAT,Losing cultural identity,Pride,"In dressing up their cause for the cameras, the white nationalist groups will rely on non-threatening touch stones, like ""pride"" and ""heritage"", perhaps nodding toward the academic by using the term ""ethnonationalism"" -- at the end of the day, they are still promoting hate.","59,066",64%,loss of culture|ethnonation,pride|heritage|ethnonation,,,,
en,NAT,Losing cultural identity,Multiculturalism,"For those who want American culture to retain some of its 20th Century monolithic broadcast core, anti-multiculturalism can be passed off as a matter of taste, of a fear of loss of culture that can't be replaced; but we cannot allow racism, xenophobia and clinging to a privileged past to be reduced to a dispute over taste. ","71,308",31%,multiculturalism|anti-multiculturalism|diversity|inclusive|integrated,loss of culture|anxiety|alienation|resentment|anxiety,,,,
en,NAT,Losing cultural identity,Republic/Democracy,"Any fool who puts the needs of democracy ahead of the needs of the Republic deserves the rude education on the US Constitution that they will receive. The United States is not a democracy, nor should it ever become one.","4,573",100%,Republic,not a democracy,Constitution,,,
,,,,,,,,,,,,
7. Resentment of the Rising Radical Income Inequality,,,,,,,,,,,,
,,,,,,,,,,,,
en,POP,Income inequality,Wealth Gap,"General knowledge about, and resentment of, income inequality had grown to a point where it was routine to see people posting pictures of guillotines alongside recent press photos of billionaires. And yet, if you judged by the policies being made in the halls of power, this resentment did not exist. ","3,056",80%,inequality|wealth gap|rich versus poor,resent|class war|anger|angry|aspiration,income|economic,,,
en,POP,Income inequality,Anti-Billionaire,"Given what we know about income inequality, and the public's combination of distrust and love/hate with billionaires, you would think a concept like a wealth tax would be easiser to pass. You would be wrong.","4,486",92%,inequality|wealth gap|rich versus poor,billionaire|wealth tax|oligarchs,income|economic,,,
en,POP,Income inequality,Anti-CEO,"If the cut on corporate taxes had been distributed equally down the food chain of these corporations to raise worker salaries, instead of going into stock buy-backs and share holder pay-outs, CEO compensation being 5000 times that of their lowest worker (compared to 50 times on average in the 1950s) might not have been such big deal. Distate for CEO behavior has become a driver for class tensions and general outrage over income inequality.","4,392",84%,inequality|wealth gap|rich versus poor,CEO|wage disparity|coporate tax,income|economic,,,
en,POP,Income inequality,Anti-Outsourcing,"How dare these politicians talk out of one side of their mouths about income inequality, after they spent the last 40 years outsourcing the jobs of hard working people to foreign countries? Oh, NOW you want to fix it by taxing billionaires? You socialists should have thought of that before you sent all of our jobs to China!","1,831",96%,inequality|wealth gap|rich versus poor,outsourcing|job loss|overseas|hard working people,income|economic,,,
en,POP,Income inequality,Nepotism,"The greatest challenges facing late capitalism in the 21st Century, besides cronyism and corruption which we at least condemn in name, are the somewhat socially sanctioned practices around nepotism and inheritance. Without addressing these, we cannot address income inequality and heal capitalism's relationship with civil society.",869,79%,inequality|wealth gap|rich versus poor,nepotism|inheritance|death tax,income|economic,,,
en,POP,Income inequality,Working class 1,The allure of proctectionism and isolationism resonates with these hard working people as part of a reckless pride that has gotten them to vote against their own actual self-interest in election after election.,"53,081",78%,hard working|working class|manufacturing job,reckless|pride|self-interest|identity,,,,
en,POP,Income inequality,Working class 2,"What the Democrats fail to understand in their attempts to reach out to these hard working people who feel betrayed and left behind by the global economy, is that these people don't want to be re-trained or get education vouchers to get into the tech sector or renewables -- what they really want is a time machine back to 1975.","7,306",88%,hard working|working class|manufacturing job,betrayed|left behind|forgotten|ignored,left behind,,,
en,POP,Income inequality,Post Covid,"If voters didn't understand the wealth gap before the lockdow, post Covid they may have a better idea how unfair a wealth transfer our economy just experienced.",278,94%,Covid|post-Covid|pandemic,wealth transfer|billionai|rich get rich,unfair|unpopular|negative|blatant,,,
,,,,,,,,,,,,
8. Resentment of Experts/Academics/Urban Elites/Pundit Class,,,,,,,,,,,,
,,,,,,,,,,,,
en,POP,Resentment of elite,Anti-Elite,"Once one side of the political spectrum had polarized itself from facts themselves, it was easy to keep ramping up the distrust and resentment of coastal elites and so-called experts.","176,651",53%,elite|expert|educated|academics|celebrity,resentment|anger|distrust,,,,
en,POP,Resentment of elite,TUD,"Once one side of the political spectrum had polarized itself from facts themselves, it was easy to keep ramping up the distrust and resentment of coastal elites and so-called experts.","5,080",79%,elite|expert|educated|academics|celebrity,resentment|anger|distrust,hostage|out of touch|self-interest|campaign promise|hard-working|honest people|law and order|miscreant|mouthpiece|negligent|people demand|political freedom|public institutions|reckless|silent majority|subservient|take back control|treason|nepotism|rule over|conspiracy|brainwash|pride|guilty|big companies,,,
en,POP,Resentment of elite,Anti-science,"Underming the opions of scientific experts happened piecemeal across various internet cohorts, from right wing fringe to New Age hippies, until an anti-science, sort of radical skepticism of all empiracal and received wisdom, to the point where almost every discovery, assertion and hypothesis was sure to be met with some measure of denial.","384,661",59%,elite|expert|educated|academics|celebrity,anti-science|hoax|conspiracy,,,,
en,POP,Resentment of elite,"MSM Conspiracy, non Qanon","Soon the mainstream media, and it's corporate titans, the Murdoch Group and Viacom, would become central players in this conspiracy.","65,206",94%,fake news|lamestream|mainstream,media|MSM|Murdoch|Viacom|BBC|CNN,conspirac,,,
en,POP,Resentment of elite,Climate denial,"No one factor did more to advance the notion that human caused climate change was some sort of conspiracy, or hoax, and to further the decades long denials funded by the Oil&Gas industries, than Donald Trump.","466,109",91%,climate change|global warming|climate disaster|carbon tax,hoax|conspiracy|denial|climate skeptic,,,,
en,POP,Resentment of elite,Elite self-interest,"A primary reason given for distrust and resentment of elites is that ""they don't care about people like us"" -- that the concerns of the elites are not the concerns of the everyday citizen, that they act in their own self-interest without regard to how those actions effect the common good.","20,862",74%,Elite|expert|educated|academics|celebrity,self-interest|resentment|classism|classist|condescend,resentment,,,
en,POP,Resentment of elite,Elite and the people,"Urban elites versus rural populations has become a universal global divide, with resentment on both sides. People demand change, but elaborate systems of jurisprudence, inheirtance traditions and aspirational illusions continue to prevent any fair re-distribution of wealth.","95,294",30%,Elite|expert|educated|academics|celebrity,people demand|egalitarian|level playing field|excluded,,,,
en,POP,Resentment of elite,Elite and treason,"They have us divided 47% to 48%, when it should be 99.9% against 0.01%. This level of income inequality is crime enough; but it goes beyond that. Elite power brokers, politicians, lobbyist all lapdogs to oligarchs of every nation, all of whom are guilty of treason against their homelands. Put them against the wall, all of them.","38,983",49%,Elite|expert|educated|academics|celebrity,treason|betrayal|guillotines,,,,
,,,,,,,,,,,,
9. QAnon,,,,,,,,,,,,
,,,,,,,,,,,,
en,POP,Qanon,Qanon base,QAnon numbers have begun to shrink -- but will the die hards ever come in from The Storm?,"699,029",71%,QAnon,,,,,
en,POP,Qanon,Qanon 1,"Do your research. The Storm is coming. Where we go One, we go All.","26,827",97%,"where we go one we go all|where we go one, we go all",,,,,
en,POP,Qanon,Qanon 1 with Trump,"Emboldened by Trump, the ""where we go one we go all"" crowd was ready for violence.",759,84%,"where we go one we go all|where we go one, we go all",trump|GOP|republican,,,,
en,POP,Qanon,Qanon 1 with no monsters,"Even without the crazier elements of the conspiracy, ""where we go one we go all"" had captured the sympathy of even some relatively mainstream suburban GOP voters.","3,067",90%,"where we go one we go all|where we go one, we go all",-lizard,,,,
en,POP,Qanon,Qanon 2,"They used the code sign ""wwg1wga"" as a rallying call for their movement.","36,033",37%,wwg1wga,-merchandise,,,,
,,,,,,,,,,,,
10. Desire for Strong Man/Central Authority to Rectify Society,,,,,,,,,,,,
,,,,,,,,,,,,
en,NAT,Desire for strong man,Strong Man,"The psychological crave for authoritarian government runs surprisingly deep in many populations. Desire for a Strong Man, a tough, maverick despot, to ""fix"" everything, answers many existential and possibly oedipal feelings in many, many people.","8,537",73%,Strong man|dictator|autocrat,fix|restore|rightful,government|order|society,,,
en,NAT,Desire for strong man,Many,"Take your pick of strong man authoritarians around the globe -- from the wiley Putin, Orban and Modi, to the more brutal Duerterte and Erdogan, to the bumblings of Duda, Trump and Bolsanaro -- you see that populism and fascism have different modes and guises to adapt to different electoral environments.","114,355",83%,Strong man|dictator|autocrat,Putin|Orban|Erdogan|Duda|Modi|Bolsonaro,,,,
en,NAT,Desire for strong man,Authoritarian,"Authoritarian governments can function as faceless bureaucracies, but they tend to get more buy in from the population if they are led by a singular, bellicose Strong Man, a man of the people, charismatic and plain spoken.","185,870",83%,Strong man|dictator|autocrat,authoritarian|populist|fascist|intolerant,, ,,
en,NAT,Desire for strong man,Paternalistic,"Often the Strong Man is depicted in a paternal mode, the stern but providing Father, who definitely knows best.","6,743",72%,Strong man|dictator|autocrat,paternal|father figure|supreme leader,,,,
en,NAT,Desire for strong man,Rule of law,"In this context, ""rule of law"" and ""Law and Order"" have strangely come to mean different thing. One stands for accountability before the law for all, the other an attempt to pervert the law to take back control and rule over the re-establishment of an old order.",0,#REF!,Law and Order|pro-police|security state,rule over|dominate|take back control|crush dissent,,,,
en,NAT,Desire for strong man,Anti-antifa,"Y'know, I'm not a lawyer or a cop, and I hate Trump, and know we need to pull together to beat him, don't want to come across as Anti-Antifa, but I saw those guys clash with some MAGA dudes while I was trying to peacefully protest the other night. I saw them do nothing but sow chaos and spit on cops. ","15,139",92%,Anti-antifa|antifa|anti-fascist|leftist,chaos|street violence|lawlessness,,,,
en,NAT,Desire for strong man,Russian,"Putin's ascendancy to Strong Man status was gradual and calculating, catching at least some part of Russia's young democracy by surprise.","36,448",98%,Strong man|dictator|autocrat,Russia,Putin,,,
en,NAT,Desire for strong man,Hungarian,"Orban has been perhaps the most shrewd and studied in his utilization of populist support at the ballot box to dismantle the power of the parliament and judiciary, while stripping the protections of civil society from Hungary's citizens. He is the ""thinking man's"" Strong Man, if you will.","1,388",100%,Strong man|dictator|autocrat,Hungary,Orban,,,
en,NAT,Desire for strong man,Turkish,"Erdogan used the distaste of the devout segment of Turkey's population for the secularism of his country's government as a wedge to insure popular support. He did not actually intend to install a theocracy, but steps in that direction made good window dressing for his rise to Strong Man status.","8,323",94%,Strong man|dictator|autocrat,Turkey,Erdogan,,,
en,NAT,Desire for strong man,Polish,"Duda is the man for Poland, what we Poles need, a strong man with traditional values!",95,99%,Strong man|dictator|autocrat,Poland,Duda,,,
en,NAT,Desire for strong man,Indian,"Modi campaigned as a moderate, and has ruled as a Hindu separatist Strong Man; unfortunately for India's multi-cultural democracy, it is unclear if the genie of Hindu populism once realeased may ever be put back in its bottle.","6,280",97%,Strong man|dictator|autocrat,India,Modi,,,
en,NAT,Desire for strong man,Brazillian,"Bolsonaro seemed intent on being more Trump than Trump, more swagger, more bravado and machismo, and for awhile it seemed at if Brazil was delighted by her new Strong Man and ate it up. But just like his Orange Archetype, Covid would be his undoing.","5,015",98%,Strong man|dictator|autocrat,Brazil,Bolsonaro,,,
en,NAT,Desire for strong man,Internationalist,"The buzz that he would take his President-in-Exile routine on an international world tour at the hospitality of his favorite strong men -- India, Russia, Hungary, the Phillipines -- had died down in the wake of the insurrection and impeachment mess. And with it, one hopes, the vision of any sort of populist alliance between that shady cast of global characters.",215,85%,Populist|populism|authoritarian,international alliance|president-in-exile|world tour|dictator club,,,,
,,,,,,,,,,,,
11. Feeling Ignored/Not Listened To by Politicians/Elites,,,,,,,,,,,,
,,,,,,,,,,,,
en,POP,Feeling ignored,Forgotten Ones,"We hear the story repeated dozens of times -- after making initial attempts to reach out to their politicians on the local, state and federal level, and feeling ignored at every turn, these voters turned from apathy, to alienation to conspiracy theories and despair.",516,91%,ignored|forgotten|not listened to|passed over|left behind,politicians|policy makers|neoliberal,alienat|apathy|resent|anxi|revolt,,,
en,POP,Feeling ignored,Neo-liberal,"They came to realize they were being ignored by the neo-liberals that were running the show from both parties, in the name of globalism and making the rich even richer.","2,226",71%,ignored|forgotten|not listened to|passed over|left behind,politicians|policy makers|neoliberal|neo-liberal,globalism|globalist|international|ecumenical,,,
en,POP,Feeling ignored,Urban/Rural,"As the information economy continued to widen the gap between economic and cultural realities experienced by urban versus rural citizens, those who did not live in the world of the coastal elites felt as if they were ignored and unrepresented in both media and the political dialogue","6,165",61%,ignored|forgotten|not listened to|passed over|left behind,urban,rural,,,
en,POP,Feeling ignored,Silent Majority,"The concept, first promulgated by Nixon, was that these ignored voters formed a ""silent majority"" that merely lacked the platform and visibility of their progressive opponents.","1,659",99%,silent majority,ignored|forgotten|not listened,,,,
en,POP,Feeling ignored,Out of Touch 1,"What amazed me was, no matter how many times we ran a story on the politicians being out of touch with the voters, and the rising ire and resentment in the constituency about broken campaign promises, the behavior in D.C. didn't change.",65,85%,out of touch|clueless|unconcerned,campaign promises|common man|constituents,resentment|anger|alienation|apathy|anxiety|revolt,,,
en,POP,Feeling ignored,Out of Touch 2,"The out of touch politicians will try to make some campaign promises to make amends, but it will be too little too late.",12,91%,out of touch|clueless|unconcerned,campaign promis|common man|constituents,too late|too little|not enough|insubstantial|symbolic,,,
en,POP,Feeling ignored,Intimidation 1,"In the lead up to the election, the armed protestors in the state capitol made a worrisome precedent for prospects of aggressive poll watchers actively seeking the intimidation of voters.",5,100%,intimi,armed protest,,,,
,,,,,,,,,,,,
12. Fake news / Misinformation/Distrust of Traditional Media,,,,,,,,,,,,
 ,,,,,,,,,,,,
en,POP,Distrust of media,Fake News,"The chief irony of the label ""fake news"" stems from its effortless swapping of misinformation for fact and vice versa, sowing a distrust in the whole process of reportage, fact checking, presentation and analysis.",180,99%,fake news,misinformation|distrust|disinformation,,,,
en,POP,Distrust of media,Alt-right,It's so pathetic how the lamestream media keeps trying to shove the fake news about the Trump impeachment hoax down our throats!!,575,91%,fake news,lamestream,Trump,,,
en,POP,Distrust of media,Psy-Opps,"How much of what Trump spewed from the podium, in between outbursts about Fake News, had been fed to him directly by Putin and the GRU, we may never know.","6,455",1%,fake news,GRU,Putin,,,
en,POP,Distrust of media,Corporate media,"The extremes of the Right and Left did agree on one key thing -- do not trust corporate media -- the MSM in the shorthand -- and that unless, from a trusted blog verified source, all news is fake news.","1,285",30%,fake news,corporate,MSM,,,
en,POP,Distrust of media,Election denial,"At every juncture, when confronted with the lack of evidence of voter fraud, the failure of court challenges, the core supporters doubled down and fabricated a new line of defense for why fraud MUST have occured. ",367,100%,voter fraud,fabricated,,,,
,,,,,,,,,,,,
13. Perceived False Accusations of Racism,,,,,,,,,,,,
,,,,,,,,,,,,
en,NAT,False accusations of racism,Racism,"Despite being educated on the concept of unconscious bias as it relates to racism, many white people still feel ""in their hearts"" they aren't racist, because consciously they harbor no negative feelings toward people of color. The constant confrontation of their white privilege feels like a false accusation, and over time resentment builds up for the entire social justice movement, with an individual that may have been a potential ally.","17,402",96%,racism|bigotry|intolerance|prejudice,false accusation|recrimination|blame|suspicion,resentment|anger|push back|alienation,,,
en,NAT,False accusations of racism,BLM,The BLM movement knew that in confronting institutional racism head on they would confront a defensive majority of Americans comfortably in the bubble of a mythical post-racial society.,"5,486",53%,racism|bigotry|intolerance|prejudice,BLM|black lives matter|civil rights|social justice|equality,defensive|dismissive|denial,,,
en,NAT,False accusations of racism,White fragility,"For most suburban GOP voters, with no affliation or interest in white nationalism, who would tell a pollster they opposed racism, the new demands of the Left, that they confront their ""white fragility"" and become ""woke"" were just a bridge too far.","70,132",77%,racism|bigotry|intolerance|prejudice,white fragility|woke|intersectionality,,,,
en,NAT,False accusations of racism,Systemic denier,"When confronted with statistical evidence from city after city of a disparity of outcomes for people of color encountering the police, the state always doubles down, claims no systemic racism, and cites the ""few bad apples"" cliche.","5,802",95%,no systemic racism|few bad apples|cherry picking,police|justice system|judicial|prison,,,,
en,NAT,False accusations of racism,Privilege denier,"It doesn't take a genius to understand why, if you're talking to a working class white person who has been poor all their lives in America, trying to talk about racial justice, and you bring up the concept of ""white privilege"", they will almost always tell you there is no such thing.","15,064",93%,white privilege|white advantage|racist testing,no such thing|denial,,,,
,,,,,,,,,,,,
14. Defiance of Perceived Pandemic Overreach: “Nanny State”,,,,,,,,,,,,
,,,,,,,,,,,,
en,POP,Nanny state,Nanny State,"More conservative state legislators quickly rallied around this being overreach by the nanny state, a familiar theme for their core voters.","1,807",69%,nanny state|personal liberty|activist government,overreach|infringing|violating,,,,
en,POP,Nanny state,Anti-mask ,"Wearing the mask became a feminizing, leftist badge of courage; to the essence of the anti-mask movement in the time of Covid-19, not wearing a mask was manly risk taking in the face of distrusted and effeminate science.","139,554",98%,anti-mask|mask mandate|refusal to wear mask,covid|personal liberty|libertarian,,,,
en,POP,Nanny state,Anti-vaxx,"On the left of the anti-science spectrum, there were the anti-vaccine activists, convinced that Covid was the latest of Big Pharma's scam to keep us all docile, and no small segment believed this plot might also involve 5G transmission towers and mind control.","18,748",71%,anti-vaccine|anti-vaxx|vaccine,personal liberty|libertarian|5G,covid,,,
en,POP,Nanny state,Virus denial,"When the stories first broke from Wuhan, the misinformation, the discounting of the threat, that it was ""just the flu"", that it was the great covid hoax, seemed in the early days to move faster than the virulent disease itself.","12,554",79%,covid hoax|chinese flu|CDC,just the flu|conspiracy,,,,
,,,,,,,,,,,,
15. Call to Vigilante Action/Enforcement of Populist Agenda,,,,,,,,,,,,
,,,,,,,,,,,,
en,POP,Call to vigilante action,Vigilante,"Vigilante actions initiated by both sides of the political divide, pitting populism vs. progressivism, counter protests to protests, lead to street violence across the country.","6,067",16%,vigilante|self-appointed|militia,street violence|chaos|unrest,populis|Trump|insurrection|nativism,,,
en,POP,Call to vigilante action,Poll Watcher,"A time-tested technique of voter suppression through intimidation, the idea that ""election monitors"" as euphemism for vigilante thugs discouraging people executing their right to vote sent shivers of recognition through those of us old enough to remember the civil rights movement.","6,844",99%,intimidat|poll watch|Jim Crowe,voter suppression|hesitancy|reluctance,,,,
en,POP,Call to vigilante action,Proud Boys,"Some organizations seem to have less coherent political content, and pretty much are just in it for the street violence. One such group is the Proud Boys.","1,092",97%,proud boy|bugaloos,street violence|chaos|unrest,,,,
en,POP,Call to vigilante action,Stop the Steal,"If these election officials want to stop getting those death threats, I think they should do right thing, admit the fraud, and refust to certify the so-called results.","4,440",100%,election official,death threat,,,,
en,POP,Call to vigilante action,Limbaugh,"To hear Rush Limbaugh, the dominant mainstream voice of right wing radio for my entire adult life, calling for ""Civil War"" while toy soldiers storm the capitol (without a plan!)left me gasping.",864,63%,Limbaugh,civil war,,,,
,,,,,,,,,,,,
16. Dehumanization/”Othering” of Political Opponents,,,,,,,,,,,,
,,,,,,,,,,,,
en,NAT,Dehumanization of opponents,Dehumanization,"Democracy relies on being able to see the commonality between two citizens who disagree, even vehemently, with one another, without dehumanizing one's opponents.","2,210",100%,dehumaniz,opponent,,,,
en,NAT,Dehumanization of opponents,Terrorist,The dehumanizing effects of constant false accusations of terrorist ties and secret foreign billionaire backers makes both sides view each other with a contempt that makes democratic discussion and problem solving almost impossible,"22,178",43%,false accusations|incrimination|insinuation|dog whistle,terrorist|security threat|criminal,,,,
en,NAT,Dehumanization of opponents,Not real citizens,"If you don't see large swaths of your country's voters as ""legitimate"", not real citizens, dehumanizing them, then by that very lack of trust and fellowship, you won't trust outcomes of elections, because you feel so many ""fake"" citizens voted. ","1,800",35%,dehumanizing|invalidating|judging,citizen|neighbor|country,fellow|fellowship,,,
en,NAT,Dehumanization of opponents,Democrat=Unamerican,"Once you have accepted the misinformation that Democrats are somehow not real Americans, it is a slippery slope from there.",49,100%,Democrats|demon rats|leftist|socialist|antifa,not real Americans,,,,
,,,,,,,,,,,,
17. Restrictions on Free Speech (Real or Imagined),,,,,,,,,,,,
,,,,,,,,,,,,
en,POP,Restrictions on free speech,Free Speech,"Conservatives have cried ""liberal bias"",  when justified and when not, for over 40 years, but not until the internet landscape of outrageous memes and heated rhetoric have the Conservatives really leaned into painting themselves as the victims, seeing liberal bias in the moderation of hate speech and other forbidden areas for digital public space as somehow restrictions of their right to free speech.","128,816",93%,free speech|civil discourse,restrictions|conservative|liberal bias,,,,
en,POP,Restrictions on free speech,State run media,"Once populists control the government, the pressure to have state media dominate the landscape becomes immediately clear, with limitations to free speech almost always being part of the authoritarian package.","9,798",73%,free speech|civil discourse,state media|Fox|Newsmax|OAN,,,,
en,POP,Restrictions on free speech,Corporate censorship,"Advertiser boycotts of right wing media voices after they had made extreme or outlandish claims  -- these are seen as censorship, or as a restriction on free speech, when somewhat ironically, they are that invisible hand of the market conservatives praise so often, in this case, spanking them.",247,94%,free speech|civil discourse,censorship|bias,right wing media|alt-right|fringe,,,
en,POP,Restrictions on free speech,Social media bias,"Moderation on social media has taken a stand against hate speech; among some on the alt-right, it appeared that this monitoring of content fell disproportionately on conservative commentators, accusing Twitter and Facebook of a left-wing bias.","284,262",67%,left wing bias|censorship,Twitter|facebook|whats app|instagram|tik tok,,,,
en,POP,Restrictions on free speech,De-Platforming,"The Twitter de-platforming of the duly elected President of the United States before the end of his term, coupled with the decision on the behalf of Google to break up with Parler, confirms what many true conservatives have known for a long time -- silicon valley has an indelible stain of left wing bias all over it.","168,528",71%,left wing bias|censorship,Parler|google|deplatforming,,,,
,,,,,,,,,,,,
18. Loss of Sovereignty to Supernationals/Globalists,,,,,,,,,,,,
,,,,,,,,,,,,
en,NAT,Loss of sovereignty,Sovereignty,"For those who watched industry after industry outsourcing jobs, the globalist agenda seemed hell bent on weakening the nation state economically, leading inexorably to loss of sovereignty and a world authority government.","72,323",57%,loss of sovereignty|self-determination|autonomy,outsourcing|global,,,,
en,NAT,Loss of sovereignty,EU,The European Union has always sought to balance any federalized powers and loss of sovereignty for its member states with firm guarantees of self determination and autonomy in other areas. Brexit has undermined that trust and balance in the EU immensely.,"53,987",76%,loss of sovereignty|self-determination|autonomy,European Union|The EU,,,,
en,NAT,Loss of sovereignty,UN,"If you aren't worried about the black helicopter and blue Honda Elements coming to your town as Biden hands the whole kaboodle over to the United Nations by the end of his terms, then your worst nightmares of loss of sovereignty for the US are going catch you by surprise as they come true.","26,733",83%,loss of sovereignty|self-determination|autonomy,United Nations,,,,
en,NAT,Loss of sovereignty,WTO,"A catalyst for economic development, the World Trade Organization, the abrogations of trade agreements and price negotiations have left lots of unionists deeply critical of an institution they see as an engine for loss of sovereignty among its member states.","1,442",78%,loss of sovereignty|self-determination|autonomy,World Trade Organization,,,,
en,NAT,Loss of sovereignty,WTO,"The WTO riots of twenty years ago were the first indication that some populist ideologies on both the Left and Right had become aware that what they then called the ""New World Order"" represented a significant loss of sovereignty for their home countries.","1,442",82%,loss of sovereignty|self-determination|autonomy,WTO,,,,
,,,,,,,,,,,,
19. Resentment of Societal Support for Undeserved/Unmerited/Foriegn ,,,,,,,,,,,,
,,,,,,,,,,,,
en,NAT,Undeserving support,Undeserving,"Despite domestic benefit programs having been in place for two generations, the depiction of this social safety net as merely undeserved government hand outs to vagrants and drug addicts has falsely built resentment toward those programs for at least the last 25 years.","63,970",42%,resentment|begrudge|withhold|disparage,government hand outs|benefits|welfare|safety net,,,,
en,NAT,Undeserving support,TUD,"Despite domestic benefit programs having been in place for two generations, the depiction of this social safety net as merely undeserved government hand outs to vagrants and drug addicts has falsely built resentment toward those programs for at least the last 25 years.",914,74%,resentment|begrudge|withhold|disparage,government hand outs|benefits|welfare|safety net,hostage|out of touch|self-interest|campaign promise|hard-working|honest people|law and order|miscreant|mouthpiece|negligent|people demand|political freedom|public institutions|reckless|silent majority|subservient|take back control|treason|nepotism|rule over|conspiracy|brainwash|pride|guilty|big companies,,,
en,NAT,Undeserving support,Makers v. takers,"Romney's classic division of the general population between ""makers"" and ""takers"" still resonnates with many conservative Americans as an abiding source of resentment.",53,96%,resentment|begrudge|withhold|disparage,makers,takers,,,
en,NAT,Undeserving support,Immigrant,"They asked if I had any feelings of resentment about immigrants in this country, and I told them straight, it doesn't make sense to me that my tax dollars go to person whose only real qualification for government benefits is they could pilot a boat to land on our shores.","1,270",97%,resentment|begrudge|withhold|disparage,immigrants|foreigners|refugees|asylum seekers,benefits|hand outs|welfare,,,
en,NAT,Undeserving support,UBI,"Unable to conceive of a post-labor economy, most conservative voters just cannot stand the idea of re-distribution of wealth on the level of Universal Basic Income, and will testify vociferously about how much resentment and tax revolt such a policy would cause.","2,614",32%,resentment|begrudge|withhold|disparage,Universal Basic Income|UBI|basic monthly income|BMI|monthly stipend,,,,
,,,,,,,,,,,,
20. Civic Engagement,,,,￼,,,,,,,,
en,LIB,Citizen Engagement,Engagement,Citizen participation is good for everybody,"818,892",84%,Citizens Engagement|Citizens Participation|Citizen Engagement|Citizen Participation|Civic Engagement|digital democracy|edemocracy|e-democracy, ,,,,
en,LIB,Citizen Engagement,Positive,Citizen engagement is helpful to solve complex problems,"52,713",90%,Citizens Engagement|Citizens Participation|Citizen Engagement|Citizen Participation|Civic Engagement|digital democracy|edemocracy|e-democracy,Positive|helpful|meaningful|gain,,,,
en,LIB,Citizen Engagement,Negative,To much citizen participation is harmful for democracy,"2,835",97%,Citizens Engagement|Citizens Participation|Citizen Engagement|Citizen Participation|Civic Engagement|digital democracy|edemocracy|e-democracy,Harmful|negative|loss,,,,
,,,,￼,,,,,,,,
21. Democratic innovation,,,, ,,,,,,,,
en,LIB,Democratic Innovation,Innovation,Democratic innovation is important,"24,735",86%,Democratic innovation|civic innovation,,,,,
en,LIB,Democratic Innovation,Positive,Democratic innovation is positive,373,99%,Democratic innovation|civic innovation,Positive|helpful|meaningful|gain,,,,
en,LIB,Democratic Innovation,Negative,Democratic innovation is harmful,50,90%,Democratic innovation|civic innovation,Harmful|negative|loss,,,,
,,,,,,,,,,,,
,,,,,,,,,,,,
22. UKIP Populism,,,,,,,,,,,,
en,NAT,UKIP,UKIP Main,"UKIP felt it's control of the struggle slipping away, even as its one time ally, Boris Johnson, ascended to power.","14,130",90%,UKIP|UK Independence Party,Control,,,,
en,NAT,UKIP,UKIP/Brexit,UKIP's success with Brexit would ultimately be its undoing.,"57,640",48%,UKIP|UK Independence Party,Brexit,,,,
en,NAT,UKIP,UKIP & Nigel,"UK Independence Party maverick, Nigel Farage, ended up bearing the brunt of the consequences for the party's vocal fringe elements.","6,482",63%,UK Independence Party,Nigel Farage,,,,
en,NAT,UKIP,UKIP 2,"Boris Johnson manage to ditch his association with UKIP relatively unscathed, proving his relationship with the Tory bench ran deep.","9,128",32%,UKIP,Boris Johnson,,,,